epoch,SDR,loss,lr,val_SDR,val_loss
0,1.4801139831542969,0.04606001451611519,0.0002,3.6981801986694336,0.010640138760209084
1,1.7812161445617676,0.04303020238876343,0.0002,4.081090450286865,0.010177584365010262
2,1.87025785446167,0.04223117232322693,0.0002,4.336343765258789,0.009863129816949368
3,1.921584129333496,0.0418342761695385,0.0002,4.431787490844727,0.0098111005499959
4,1.955329418182373,0.041541893035173416,0.0002,4.640978813171387,0.009569943882524967
5,1.9823685884475708,0.041291721165180206,0.0002,4.652275085449219,0.009581578895449638
