epoch,SDR,loss,lr,val_SDR,val_loss
0,-9.861665725708008,0.0007058326154947281,0.0015,-2.9792892932891846,1.7733949562170892e-06
1,-1.858646273612976,5.9671615417755675e-06,0.0015,-1.5098832845687866,1.4469965208263602e-06
