epoch,SDR,loss,lr,val_SDR,val_loss
0,-13.50324821472168,0.001468658447265625,0.0015,-12.421948432922363,2.298028084624093e-05
1,-8.695984840393066,0.00036872876808047295,0.0015,-43.380516052246094,0.03179769963026047
2,-8.176133155822754,0.00027110771043226123,0.0015,-79.55277252197266,95.0666275024414
3,-4.459034442901611,5.3700143325841054e-05,0.0015,-1.9138346910476685,2.0188786038488615e-06
4,-4.141528129577637,4.120756420888938e-05,0.0015,-0.6015949249267578,1.4509896573144943e-06
5,-2.8315587043762207,1.776637145667337e-05,0.0015,-0.8219919800758362,1.8483659687262843e-06
6,-0.04051186516880989,3.9777519305062015e-06,0.0015,0.14410381019115448,1.1643902553259977e-06
7,0.5061609148979187,4.24517793362611e-06,0.0015,0.013287107460200787,1.2155506965427776e-06
8,0.062260594218969345,3.862239736918127e-06,0.0015,0.019596150144934654,1.2156488082837313e-06
