epoch,SDR,loss,lr,val_SDR,val_loss
0,-5.116612434387207,0.0011521325213834643,0.0015,-2.4077701568603516,6.404748091881629e-07
1,3.094937562942505,1.8085853525917628e-06,0.0015,-3.5040225982666016,5.748732974097948e-07
2,3.9591128826141357,1.49016580053285e-06,0.0015,-1.8676193952560425,4.159151956173446e-07
3,4.229822158813477,1.3644892078445992e-06,0.0015,-4.665045261383057,5.082374059384165e-07
