epoch,SDR,loss,lr,val_SDR,val_loss
0,-8.118523597717285,0.00043262483086436987,0.0015,-5.365311145782471,2.9749305667792214e-06
1,-1.6004371643066406,6.059000952518545e-06,0.0015,-2.7351977825164795,1.8590911849969416e-06
